index,date,average_sunspots
0,31-01-1850,148.2258065
1,28-02-1850,169.75
2,31-03-1850,156.8387097
3,30-04-1850,83.83333333
4,31-05-1850,117.0322581
5,30-06-1850,133
6,31-07-1850,74.32258065
7,31-08-1850,117.0322581
8,30-09-1850,163.7
9,31-10-1850,134.9032258
10,30-11-1850,104.1
11,31-12-1850,115.8709677
12,31-01-1851,143.4516129
13,28-02-1851,200.0714286
14,31-03-1851,122.8064516
15,30-04-1851,107.3333333
16,31-05-1851,118.9354839
17,30-06-1851,120
18,31-07-1851,68.64516129
19,31-08-1851,108.9677419
20,30-09-1851,128.8666667
21,31-10-1851,118.7096774
22,30-11-1851,96.8
23,31-12-1851,135.483871
24,31-01-1852,129.8709677
25,29-02-1852,126.2068966
26,31-03-1852,116.2258065
27,30-04-1852,124.2666667
28,31-05-1852,104.3225806
29,30-06-1852,89
30,31-07-1852,80
31,31-08-1852,75.32258065
32,30-09-1852,71.2
33,31-10-1852,127.9354839
34,30-11-1852,103.0666667
35,31-12-1852,86.12903226
36,31-01-1853,77.90322581
37,28-02-1853,81.46428571
38,31-03-1853,71.58064516
39,30-04-1853,90.4
40,31-05-1853,65.87096774
41,30-06-1853,75.96666667
42,31-07-1853,87.19354839
43,31-08-1853,95.83870968
44,30-09-1853,63.66666667
45,31-10-1853,80.4516129
46,30-11-1853,54.73333333
47,31-12-1853,44.51612903
48,31-01-1854,29.25806452
49,28-02-1854,38.03571429
50,31-03-1854,39.38709677
51,30-04-1854,50.3
52,31-05-1854,45.61290323
53,30-06-1854,40.06666667
54,31-07-1854,35.4516129
55,31-08-1854,30.06451613
56,30-09-1854,42.6
57,31-10-1854,24.06451613
58,30-11-1854,53.5
59,31-12-1854,41.09677419
60,31-01-1855,23.38709677
61,28-02-1855,21.60714286
62,31-03-1855,33.03225806
63,30-04-1855,8.366666667
64,31-05-1855,17.29032258
65,30-06-1855,10
66,31-07-1855,0.677419355
67,31-08-1855,5.935483871
68,30-09-1855,0
69,31-10-1855,18.32258065
70,30-11-1855,7.933333333
71,31-12-1855,5.806451613
72,31-01-1856,0.967741935
73,29-02-1856,9.310344828
74,31-03-1856,0.741935484
75,30-04-1856,12.36666667
76,31-05-1856,0
77,30-06-1856,9.8
78,31-07-1856,8.806451613
79,31-08-1856,11.32258065
80,30-09-1856,8.433333333
81,31-10-1856,8.548387097
82,30-11-1856,14.73333333
83,31-12-1856,13.74193548
84,31-01-1857,26.03225806
85,28-02-1857,14.21428571
86,31-03-1857,9.967741935
87,30-04-1857,21.06666667
88,31-05-1857,54.22580645
89,30-06-1857,30.46666667
90,31-07-1857,42.16129032
91,31-08-1857,32
92,30-09-1857,80.56666667
93,31-10-1857,77.06451613
94,30-11-1857,59.56666667
95,31-12-1857,70.67741935
96,31-01-1858,74.22580645
97,28-02-1858,66.25
98,31-03-1858,109.1612903
99,30-04-1858,72.8
100,31-05-1858,78.64516129
101,30-06-1858,84.5
102,31-07-1858,107.7419355
103,31-08-1858,104.9354839
104,30-09-1858,152.2
105,31-10-1858,173.2258065
106,30-11-1858,98.6
107,31-12-1858,127.0322581
108,31-01-1859,159
109,28-02-1859,166.3928571
110,31-03-1859,171.516129
111,30-04-1859,162.8666667
112,31-05-1859,172.8387097
113,30-06-1859,165.2333333
114,31-07-1859,180.7419355
115,31-08-1859,203
116,30-09-1859,200.8666667
117,31-10-1859,217.7741935
118,30-11-1859,184.6333333
119,31-12-1859,153.9354839
120,31-01-1860,156.6451613
121,29-02-1860,167.8965517
122,31-03-1860,187.9677419
123,30-04-1860,135.6666667
124,31-05-1860,203.483871
125,30-06-1860,206.3333333
126,31-07-1860,221.9032258
127,31-08-1860,190.483871
128,30-09-1860,175.2
129,31-10-1860,171.1290323
130,30-11-1860,186.0333333
131,31-12-1860,181.7096774
132,31-01-1861,118.4516129
133,28-02-1861,147.5357143
134,31-03-1861,192.0322581
135,30-04-1861,187.0666667
136,31-05-1861,107.8064516
137,30-06-1861,167.5
138,31-07-1861,148.2258065
139,31-08-1861,156.7096774
140,30-09-1861,151.8666667
141,31-10-1861,127.6774194
142,30-11-1861,102
143,31-12-1861,152.8387097
144,31-01-1862,119.9032258
145,28-02-1862,122.4285714
146,31-03-1862,82.67741935
147,30-04-1862,102.1
148,31-05-1862,122.4193548
149,30-06-1862,159.7
150,31-07-1862,139.4516129
151,31-08-1862,118.6774194
152,30-09-1862,126.4333333
153,31-10-1862,79.77419355
154,30-11-1862,96.03333333
155,31-12-1862,77.61290323
156,31-01-1863,91.77419355
157,28-02-1863,107.6785714
158,31-03-1863,126
159,30-04-1863,77.1
160,31-05-1863,102.1290323
161,30-06-1863,77.56666667
162,31-07-1863,62.03225806
163,31-08-1863,91.25806452
164,30-09-1863,41.73333333
165,31-10-1863,75.74193548
166,30-11-1863,71.6
167,31-12-1863,78.12903226
168,31-01-1864,109.6774194
169,29-02-1864,89.48275862
170,31-03-1864,125.9354839
171,30-04-1864,68.1
172,31-05-1864,77.09677419
173,30-06-1864,109.8666667
174,31-07-1864,103.8387097
175,31-08-1864,104.0645161
176,30-09-1864,54.16666667
177,31-10-1864,64.38709677
178,30-11-1864,109.3333333
179,31-12-1864,54.32258065
180,31-01-1865,92.51612903
181,28-02-1865,74.60714286
182,31-03-1865,74.96774194
183,30-04-1865,55.93333333
184,31-05-1865,65.61290323
185,30-06-1865,63.76666667
186,31-07-1865,50.80645161
187,31-08-1865,71.83870968
188,30-09-1865,41.03333333
189,31-10-1865,32.5483871
190,30-11-1865,46.66666667
191,31-12-1865,24.29032258
192,31-01-1866,60
193,28-02-1866,72.92857143
194,31-03-1866,46.58064516
195,30-04-1866,33.53333333
196,31-05-1866,24.64516129
197,30-06-1866,31.36666667
198,31-07-1866,17.64516129
199,31-08-1866,24.22580645
200,30-09-1866,13.93333333
201,31-10-1866,26.77419355
202,30-11-1866,17.16666667
203,31-12-1866,2.903225806
204,31-01-1867,0
205,28-02-1867,1.357142857
206,31-03-1867,17.41935484
207,30-04-1867,9.666666667
208,31-05-1867,5.548387097
209,30-06-1867,2.8
210,31-07-1867,9.451612903
211,31-08-1867,9.064516129
212,30-09-1867,18.7
213,31-10-1867,25.48387097
214,30-11-1867,18.13333333
215,31-12-1867,47.87096774
216,31-01-1868,25.90322581
217,29-02-1868,26.34482759
218,31-03-1868,44.03225806
219,30-04-1868,61.1
220,31-05-1868,44.51612903
221,30-06-1868,51.8
222,31-07-1868,48.32258065
223,31-08-1868,57.29032258
224,30-09-1868,78.66666667
225,31-10-1868,102.7741935
226,30-11-1868,98.66666667
227,31-12-1868,112.7741935
228,31-01-1869,101.6129032
229,28-02-1869,99.89285714
230,31-03-1869,87.96774194
231,30-04-1869,68.43333333
232,31-05-1869,173.3870968
233,30-06-1869,180.7
234,31-07-1869,98.80645161
235,31-08-1869,132.7419355
236,30-09-1869,134.4666667
237,31-10-1869,99.03225806
238,30-11-1869,130.2333333
239,31-12-1869,174.1290323
240,31-01-1870,128.9677419
241,28-02-1870,191.6785714
242,31-03-1870,262.6774194
243,30-04-1870,266.9
244,31-05-1870,293.5806452
245,30-06-1870,226.3
246,31-07-1870,220.9354839
247,31-08-1870,256.5483871
248,30-09-1870,226.8
249,31-10-1870,244.2580645
250,30-11-1870,246.0333333
251,31-12-1870,216.7096774
252,31-01-1871,147.1935484
253,28-02-1871,208.9642857
254,31-03-1871,238.7419355
255,30-04-1871,270.9
256,31-05-1871,242.6129032
257,30-06-1871,152.9333333
258,31-07-1871,171.8064516
259,31-08-1871,183.7096774
260,30-09-1871,133.8666667
261,31-10-1871,148.483871
262,30-11-1871,175.6666667
263,31-12-1871,150.7741935
264,31-01-1872,132.6774194
265,29-02-1872,200.3448276
266,31-03-1872,147.483871
267,30-04-1872,170.4333333
268,31-05-1872,179.4516129
269,30-06-1872,183.3333333
270,31-07-1872,175.9677419
271,31-08-1872,155.0322581
272,30-09-1872,191.1
273,31-10-1872,171.1612903
274,30-11-1872,186.8
275,31-12-1872,139.8709677
276,31-01-1873,144.5806452
277,28-02-1873,178.4285714
278,31-03-1873,164.0322581
279,30-04-1873,127.1
280,31-05-1873,79.96774194
281,30-06-1873,74.8
282,31-07-1873,111.6774194
283,31-08-1873,113.7741935
284,30-09-1873,78.7
285,31-10-1873,78.61290323
286,30-11-1873,92.46666667
287,31-12-1873,82.03225806
288,31-01-1874,101.3870968
289,28-02-1874,107.1428571
290,31-03-1874,77.51612903
291,30-04-1874,53.53333333
292,31-05-1874,74.58064516
293,30-06-1874,63.76666667
294,31-07-1874,113.2258065
295,31-08-1874,102.2580645
296,30-09-1874,46.83333333
297,31-10-1874,57.41935484
298,30-11-1874,48.2
299,31-12-1874,48.77419355
300,31-01-1875,24.41935484
301,28-02-1875,35.85714286
302,31-03-1875,56.38709677
303,30-04-1875,48.6
304,31-05-1875,19.22580645
305,30-06-1875,39.93333333
306,31-07-1875,20.90322581
307,31-08-1875,24.41935484
308,30-09-1875,3.966666667
309,31-10-1875,21.32258065
310,30-11-1875,29.56666667
311,31-12-1875,16.48387097
312,31-01-1876,23.93548387
313,29-02-1876,25.13793103
314,31-03-1876,51.06451613
315,30-04-1876,3.933333333
316,31-05-1876,8.516129032
317,30-06-1876,2.733333333
318,31-07-1876,25.5483871
319,31-08-1876,14.77419355
320,30-09-1876,16.6
321,31-10-1876,23.87096774
322,30-11-1876,16.56666667
323,31-12-1876,13.64516129
324,31-01-1877,40.64516129
325,28-02-1877,14.5
326,31-03-1877,19.87096774
327,30-04-1877,26.26666667
328,31-05-1877,36.06451613
329,30-06-1877,23.56666667
330,31-07-1877,10.03225806
331,31-08-1877,10.51612903
332,30-09-1877,28.13333333
333,31-10-1877,11.16129032
334,30-11-1877,23.63333333
335,31-12-1877,3.548387097
336,31-01-1878,5.548387097
337,28-02-1878,11.03571429
338,31-03-1878,13.06451613
339,30-04-1878,0.166666667
340,31-05-1878,9.870967742
341,30-06-1878,10.7
342,31-07-1878,0.225806452
343,31-08-1878,0
344,30-09-1878,8.8
345,31-10-1878,1.903225806
346,30-11-1878,6.8
347,31-12-1878,0.935483871
348,31-01-1879,1.64516129
349,28-02-1879,0.928571429
350,31-03-1879,0
351,30-04-1879,10.4
352,31-05-1879,4.032258065
353,30-06-1879,7.966666667
354,31-07-1879,12.58064516
355,31-08-1879,17.90322581
356,30-09-1879,10.06666667
357,31-10-1879,20.41935484
358,30-11-1879,21.86666667
359,31-12-1879,12.19354839
360,31-01-1880,40.12903226
361,29-02-1880,45.37931034
362,31-03-1880,32.09677419
363,30-04-1880,32.43333333
364,31-05-1880,39.09677419
365,30-06-1880,56.9
366,31-07-1880,36.5483871
367,31-08-1880,80.25806452
368,30-09-1880,110.0666667
369,31-10-1880,71.67741935
370,30-11-1880,51.13333333
371,31-12-1880,49.38709677
372,31-01-1881,60.61290323
373,28-02-1881,88.60714286
374,31-03-1881,85.77419355
375,30-04-1881,86.06666667
376,31-05-1881,72.5483871
377,30-06-1881,100.8
378,31-07-1881,128.1612903
379,31-08-1881,97.29032258
380,30-09-1881,88.56666667
381,31-10-1881,107.2580645
382,30-11-1881,91.46666667
383,31-12-1881,78.83870968
384,31-01-1882,74.96774194
385,28-02-1882,115.8571429
386,31-03-1882,111.483871
387,30-04-1882,159.5666667
388,31-05-1882,106.9032258
389,30-06-1882,75.43333333
390,31-07-1882,75.67741935
391,31-08-1882,67.4516129
392,30-09-1882,96.06666667
393,31-10-1882,98.64516129
394,30-11-1882,140.5666667
395,31-12-1882,69.70967742
396,31-01-1883,101.0322581
397,28-02-1883,78.21428571
398,31-03-1883,71.32258065
399,30-04-1883,136.7666667
400,31-05-1883,52.51612903
401,30-06-1883,127.2333333
402,31-07-1883,134.3548387
403,31-08-1883,76.61290323
404,30-09-1883,87.76666667
405,31-10-1883,139.6129032
406,30-11-1883,140.8
407,31-12-1883,126.483871
408,31-01-1884,152.5806452
409,29-02-1884,144.8275862
410,31-03-1884,145.7741935
411,30-04-1884,126.9
412,31-05-1884,110.9032258
413,30-06-1884,85.33333333
414,31-07-1884,88.4516129
415,31-08-1884,93.06451613
416,30-09-1884,103.1333333
417,31-10-1884,79.58064516
418,30-11-1884,60.93333333
419,31-12-1884,78.58064516
420,31-01-1885,71.38709677
421,28-02-1885,119.6785714
422,31-03-1885,82.93548387
423,30-04-1885,91.7
424,31-05-1885,121.6451613
425,30-06-1885,139.4666667
426,31-07-1885,110.8709677
427,31-08-1885,83.4516129
428,30-09-1885,66.03333333
429,31-10-1885,64.51612903
430,30-11-1885,51.56666667
431,31-12-1885,36.25806452
432,31-01-1886,49.83870968
433,28-02-1886,43.17857143
434,31-03-1886,95.48387097
435,30-04-1886,72.9
436,31-05-1886,51.22580645
437,30-06-1886,45.3
438,31-07-1886,50.38709677
439,31-08-1886,28.06451613
440,30-09-1886,35.66666667
441,31-10-1886,14.41935484
442,30-11-1886,0.566666667
443,31-12-1886,21.74193548
444,31-01-1887,17
445,28-02-1887,21.96428571
446,31-03-1887,7.064516129
447,30-04-1887,11.56666667
448,31-05-1887,33.38709677
449,30-06-1887,26.1
450,31-07-1887,38.90322581
451,31-08-1887,35.70967742
452,30-09-1887,12.4
453,31-10-1887,10.96774194
454,30-11-1887,11.5
455,31-12-1887,34.51612903
456,31-01-1888,21.16129032
457,29-02-1888,11.79310345
458,31-03-1888,13.06451613
459,30-04-1888,8.466666667
460,31-05-1888,11.74193548
461,30-06-1888,11.76666667
462,31-07-1888,5.032258065
463,31-08-1888,4.64516129
464,30-09-1888,14.56666667
465,31-10-1888,3.419354839
466,30-11-1888,17.86666667
467,31-12-1888,11.09677419
468,31-01-1889,1.322580645
469,28-02-1889,14.17857143
470,31-03-1889,11.12903226
471,30-04-1889,7.333333333
472,31-05-1889,3.967741935
473,30-06-1889,10.76666667
474,31-07-1889,15.77419355
475,31-08-1889,34.29032258
476,30-09-1889,10.86666667
477,31-10-1889,3.419354839
478,30-11-1889,0.3
479,31-12-1889,11.19354839
480,31-01-1890,8.838709677
481,28-02-1890,1.071428571
482,31-03-1890,8.483870968
483,30-04-1890,2.666666667
484,31-05-1890,7.935483871
485,30-06-1890,2.2
486,31-07-1890,19.32258065
487,31-08-1890,14.16129032
488,30-09-1890,28.63333333
489,31-10-1890,18.61290323
490,30-11-1890,15.93333333
491,31-12-1890,13.06451613
492,31-01-1891,22.5483871
493,28-02-1891,36.92857143
494,31-03-1891,17.19354839
495,30-04-1891,34.23333333
496,31-05-1891,68.48387097
497,30-06-1891,80.43333333
498,31-07-1891,98
499,31-08-1891,55.06451613
500,30-09-1891,89.73333333
501,31-10-1891,86
502,30-11-1891,69.83333333
503,31-12-1891,54.25806452
504,31-01-1892,115.2258065
505,29-02-1892,126.0689655
506,31-03-1892,83.25806452
507,30-04-1892,116.0333333
508,31-05-1892,132.7096774
509,30-06-1892,127.3
510,31-07-1892,127.5806452
511,31-08-1892,169
512,30-09-1892,104.6666667
513,31-10-1892,117.483871
514,30-11-1892,108.9
515,31-12-1892,131.0322581
516,31-01-1893,125
517,28-02-1893,121.6428571
518,31-03-1893,109.5483871
519,30-04-1893,146.8
520,31-05-1893,141.2903226
521,30-06-1893,149.8333333
522,31-07-1893,147.5806452
523,31-08-1893,215.3548387
524,30-09-1893,129.8666667
525,31-10-1893,133.2580645
526,30-11-1893,125.2
527,31-12-1893,156.3548387
528,31-01-1894,138.6129032
529,28-02-1894,141.0357143
530,31-03-1894,87.09677419
531,30-04-1894,136.0333333
532,31-05-1894,168.6774194
533,30-06-1894,164.8
534,31-07-1894,176.6774194
535,31-08-1894,117.0967742
536,30-09-1894,110
537,31-10-1894,125.6774194
538,30-11-1894,94.3
539,31-12-1894,100.1290323
540,31-01-1895,105.4193548
541,28-02-1895,112
542,31-03-1895,101.6129032
543,30-04-1895,128.2
544,31-05-1895,112.4516129
545,30-06-1895,119.1333333
546,31-07-1895,79.67741935
547,31-08-1895,114.9354839
548,30-09-1895,96.13333333
549,31-10-1895,113.1612903
550,30-11-1895,78.63333333
551,31-12-1895,117.8709677
552,31-01-1896,48.35483871
553,29-02-1896,95.68965517
554,31-03-1896,86.48387097
555,30-04-1896,73
556,31-05-1896,46.09677419
557,30-06-1896,81.7
558,31-07-1896,75.16129032
559,31-08-1896,45.41935484
560,30-09-1896,102.2
561,31-10-1896,47.87096774
562,30-11-1896,63.33333333
563,31-12-1896,71
564,31-01-1897,67.64516129
565,28-02-1897,48.96428571
566,31-03-1897,48.67741935
567,30-04-1897,51.66666667
568,31-05-1897,33.25806452
569,30-06-1897,18.93333333
570,31-07-1897,46.06451613
571,31-08-1897,36.35483871
572,30-09-1897,80.36666667
573,31-10-1897,23.90322581
574,30-11-1897,14
575,31-12-1897,55.4516129
576,31-01-1898,50.35483871
577,28-02-1898,60.67857143
578,31-03-1898,63.87096774
579,30-04-1898,24.2
580,31-05-1898,43
581,30-06-1898,37.13333333
582,31-07-1898,15.03225806
583,31-08-1898,52.29032258
584,30-09-1898,58.06666667
585,31-10-1898,57.12903226
586,30-11-1898,51.6
587,31-12-1898,21.06451613
588,31-01-1899,32.38709677
589,28-02-1899,15.32142857
590,31-03-1899,30.25806452
591,30-04-1899,23.63333333
592,31-05-1899,12.90322581
593,30-06-1899,34.13333333
594,31-07-1899,22.5483871
595,31-08-1899,4.903225806
596,30-09-1899,14
597,31-10-1899,21.70967742
598,30-11-1899,13.03333333
599,31-12-1899,17.58064516
600,31-01-1900,15.67741935
601,28-02-1900,22.82142857
602,31-03-1900,14.35483871
603,30-04-1900,26.76666667
604,31-05-1900,25.32258065
605,30-06-1900,20.13333333
606,31-07-1900,13.93548387
607,31-08-1900,7.129032258
608,30-09-1900,13.86666667
609,31-10-1900,21.61290323
610,30-11-1900,7.533333333
611,31-12-1900,0.483870968
612,31-01-1901,0.387096774
613,28-02-1901,4.035714286
614,31-03-1901,7.387096774
615,30-04-1901,0
616,31-05-1901,17
617,30-06-1901,9.666666667
618,31-07-1901,1.161290323
619,31-08-1901,1.709677419
620,30-09-1901,0.933333333
621,31-10-1901,6.258064516
622,30-11-1901,6.4
623,31-12-1901,0
624,31-01-1902,9.290322581
625,28-02-1902,0
626,31-03-1902,20.67741935
627,30-04-1902,0
628,31-05-1902,4.677419355
629,30-06-1902,2.4
630,31-07-1902,1.516129032
631,31-08-1902,3.774193548
632,30-09-1902,12.63333333
633,31-10-1902,27.19354839
634,30-11-1902,17.16666667
635,31-12-1902,1.806451613
636,31-01-1903,13.87096774
637,28-02-1903,28.42857143
638,31-03-1903,22.48387097
639,30-04-1903,43.53333333
640,31-05-1903,24.32258065
641,30-06-1903,27.2
642,31-07-1903,46.35483871
643,31-08-1903,48
644,30-09-1903,18.5
645,31-10-1903,64.77419355
646,30-11-1903,74.23333333
647,31-12-1903,76.16129032
648,31-01-1904,52.61290323
649,29-02-1904,40.79310345
650,31-03-1904,61.93548387
651,30-04-1904,71.63333333
652,31-05-1904,65.74193548
653,30-06-1904,69.8
654,31-07-1904,84.25806452
655,31-08-1904,97.09677419
656,30-09-1904,50.16666667
657,31-10-1904,90.35483871
658,30-11-1904,63.36666667
659,31-12-1904,91.09677419
660,31-01-1905,91.19354839
661,28-02-1905,143
662,31-03-1905,94.25806452
663,30-04-1905,65.5
664,31-05-1905,79.93548387
665,30-06-1905,81.56666667
666,31-07-1905,121.6451613
667,31-08-1905,98.12903226
668,30-09-1905,91.76666667
669,31-10-1905,131.1612903
670,30-11-1905,178.6666667
671,31-12-1905,92.5483871
672,31-01-1906,75.80645161
673,28-02-1906,52.25
674,31-03-1906,107.4193548
675,30-04-1906,92.16666667
676,31-05-1906,96.22580645
677,30-06-1906,105.2666667
678,31-07-1906,172.6774194
679,31-08-1906,79.58064516
680,30-09-1906,93.46666667
681,31-10-1906,29.74193548
682,30-11-1906,64.83333333
683,31-12-1906,107.9677419
684,31-01-1907,127.3548387
685,28-02-1907,180.25
686,31-03-1907,101.1290323
687,30-04-1907,87.6
688,31-05-1907,71.41935484
689,30-06-1907,67.16666667
690,31-07-1907,82.87096774
691,31-08-1907,90.4516129
692,30-09-1907,141.6666667
693,31-10-1907,109.0645161
694,30-11-1907,102.4666667
695,31-12-1907,78.90322581
696,31-01-1908,65.35483871
697,29-02-1908,56.62068966
698,31-03-1908,47.87096774
699,30-04-1908,96.06666667
700,31-05-1908,68.03225806
701,30-06-1908,80.16666667
702,31-07-1908,65.80645161
703,31-08-1908,150.9354839
704,30-09-1908,144.9
705,31-10-1908,53.93548387
706,30-11-1908,75.86666667
707,31-12-1908,65.93548387
708,31-01-1909,94.64516129
709,28-02-1909,77.60714286
710,31-03-1909,110.516129
711,30-04-1909,53.7
712,31-05-1909,59.96774194
713,30-06-1909,37.76666667
714,31-07-1909,59.64516129
715,31-08-1909,38.51612903
716,30-09-1909,64.7
717,31-10-1909,97.35483871
718,30-11-1909,92.96666667
719,31-12-1909,90.22580645
720,31-01-1910,44.03225806
721,28-02-1910,52.5
722,31-03-1910,35.70967742
723,30-04-1910,14.06666667
724,31-05-1910,36.93548387
725,30-06-1910,20.46666667
726,31-07-1910,23.5483871
727,31-08-1910,19.25806452
728,30-09-1910,43.73333333
729,31-10-1910,63.87096774
730,30-11-1910,8.266666667
731,31-12-1910,9.612903226
732,31-01-1911,5.580645161
733,28-02-1911,15.03571429
734,31-03-1911,13
735,30-04-1911,27.63333333
736,31-05-1911,15.12903226
737,30-06-1911,3.733333333
738,31-07-1911,5.935483871
739,31-08-1911,6.741935484
740,30-09-1911,6.666666667
741,31-10-1911,4.451612903
742,30-11-1911,6.966666667
743,31-12-1911,3.709677419
744,31-01-1912,0.419354839
745,29-02-1912,0
746,31-03-1912,8.225806452
747,30-04-1912,7.566666667
748,31-05-1912,7.419354839
749,30-06-1912,6.933333333
750,31-07-1912,4.903225806
751,31-08-1912,0.483870968
752,30-09-1912,15.93333333
753,31-10-1912,7.64516129
754,30-11-1912,1.9
755,31-12-1912,10.64516129
756,31-01-1913,3.774193548
757,28-02-1913,4.785714286
758,31-03-1913,0.774193548
759,30-04-1913,1.566666667
760,31-05-1913,0
761,30-06-1913,0
762,31-07-1913,2.903225806
763,31-08-1913,0.387096774
764,30-09-1913,1.966666667
765,31-10-1913,5.193548387
766,30-11-1913,1.166666667
767,31-12-1913,6.322580645
768,31-01-1914,4.709677419
769,28-02-1914,4.428571429
770,31-03-1914,5.258064516
771,30-04-1914,28.9
772,31-05-1914,8.741935484
773,30-06-1914,19.06666667
774,31-07-1914,9.064516129
775,31-08-1914,12.90322581
776,30-09-1914,21.23333333
777,31-10-1914,13.67741935
778,30-11-1914,27.3
779,31-12-1914,37.25806452
780,31-01-1915,38.48387097
781,28-02-1915,70.35714286
782,31-03-1915,64.77419355
783,30-04-1915,68.86666667
784,31-05-1915,55.09677419
785,30-06-1915,114.7333333
786,31-07-1915,119.4193548
787,31-08-1915,116.0322581
788,30-09-1915,82.43333333
789,31-10-1915,89.12903226
790,30-11-1915,70.93333333
791,31-12-1915,57.48387097
792,31-01-1916,75.51612903
793,29-02-1916,92.37931034
794,31-03-1916,111.6774194
795,30-04-1916,119.7666667
796,31-05-1916,123.9677419
797,30-06-1916,112.9
798,31-07-1916,89.32258065
799,31-08-1916,58.58064516
800,30-09-1916,75.06666667
801,31-10-1916,84.5483871
802,30-11-1916,109.4666667
803,31-12-1916,88.25806452
804,31-01-1917,124.5483871
805,28-02-1917,119.8571429
806,31-03-1917,158
807,30-04-1917,124.6
808,31-05-1917,190.2258065
809,30-06-1917,191.4333333
810,31-07-1917,199.7419355
811,31-08-1917,257.7096774
812,30-09-1917,215.5666667
813,31-10-1917,120.3225806
814,30-11-1917,160.7333333
815,31-12-1917,215.516129
816,31-01-1918,159.9677419
817,28-02-1918,108.7142857
818,31-03-1918,120.4193548
819,30-04-1918,134.1333333
820,31-05-1918,127.8709677
821,30-06-1918,99
822,31-07-1918,179.4516129
823,31-08-1918,169.6451613
824,30-09-1918,133.2
825,31-10-1918,141.7096774
826,30-11-1918,138.9666667
827,31-12-1918,98.5483871
828,31-01-1919,80.16129032
829,28-02-1919,132.4642857
830,31-03-1919,110.8709677
831,30-04-1919,86.33333333
832,31-05-1919,146.8709677
833,30-06-1919,185.2666667
834,31-07-1919,107.8387097
835,31-08-1919,115.0645161
836,30-09-1919,91.13333333
837,31-10-1919,87.96774194
838,30-11-1919,69.9
839,31-12-1919,58
840,31-01-1920,85.25806452
841,29-02-1920,89.82758621
842,31-03-1920,116.9032258
843,30-04-1920,24.66666667
844,31-05-1920,55.41935484
845,30-06-1920,64.56666667
846,31-07-1920,45.70967742
847,31-08-1920,31.93548387
848,30-09-1920,60.53333333
849,31-10-1920,82.70967742
850,30-11-1920,45.3
851,31-12-1920,49.83870968
852,31-01-1921,52.5483871
853,28-02-1921,47.14285714
854,31-03-1921,44.48387097
855,30-04-1921,53.96666667
856,31-05-1921,37
857,30-06-1921,56.16666667
858,31-07-1921,69.74193548
859,31-08-1921,37.96774194
860,30-09-1921,29.6
861,31-10-1921,30.32258065
862,30-11-1921,29.6
863,31-12-1921,33.90322581
864,31-01-1922,19.74193548
865,28-02-1922,43.92857143
866,31-03-1922,91.25806452
867,30-04-1922,18.33333333
868,31-05-1922,13.35483871
869,30-06-1922,9.8
870,31-07-1922,18.29032258
871,31-08-1922,10.93548387
872,30-09-1922,7.8
873,31-10-1922,10.35483871
874,30-11-1922,12.23333333
875,31-12-1922,29.03225806
876,31-01-1923,7.548387097
877,28-02-1923,2.5
878,31-03-1923,5.483870968
879,30-04-1923,10.23333333
880,31-05-1923,5.322580645
881,30-06-1923,15.26666667
882,31-07-1923,5.935483871
883,31-08-1923,0.806451613
884,30-09-1923,22.13333333
885,31-10-1923,19.48387097
886,30-11-1923,16.73333333
887,31-12-1923,4.64516129
888,31-01-1924,0.806451613
889,29-02-1924,8.482758621
890,31-03-1924,3
891,30-04-1924,18.93333333
892,31-05-1924,34.61290323
893,30-06-1924,39.96666667
894,31-07-1924,46.93548387
895,31-08-1924,32.12903226
896,30-09-1924,41.9
897,31-10-1924,42.61290323
898,30-11-1924,37.5
899,31-12-1924,27.48387097
900,31-01-1925,9.096774194
901,28-02-1925,38.60714286
902,31-03-1925,29.96774194
903,30-04-1925,52.96666667
904,31-05-1925,71.35483871
905,30-06-1925,79.06666667
906,31-07-1925,64.19354839
907,31-08-1925,63.25806452
908,30-09-1925,100.3
909,31-10-1925,115.3225806
910,30-11-1925,97.6
911,31-12-1925,164.3870968
912,31-01-1926,119.7096774
913,28-02-1926,116.4285714
914,31-03-1926,104.1935484
915,30-04-1926,64.16666667
916,31-05-1926,107
917,30-06-1926,122.3666667
918,31-07-1926,87.22580645
919,31-08-1926,102.7096774
920,30-09-1926,101.4333333
921,31-10-1926,119.2580645
922,30-11-1926,100.8333333
923,31-12-1926,132.3870968
924,31-01-1927,136
925,28-02-1927,155.0714286
926,31-03-1927,116.0645161
927,30-04-1927,155.8333333
928,31-05-1927,131.9032258
929,30-06-1927,98.5
930,31-07-1927,91.58064516
931,31-08-1927,89.64516129
932,30-09-1927,114.0666667
933,31-10-1927,105.1935484
934,30-11-1927,112.1
935,31-12-1927,75.29032258
936,31-01-1928,139.2258065
937,29-02-1928,122.4482759
938,31-03-1928,142.4193548
939,30-04-1928,134.3333333
940,31-05-1928,128.2580645
941,30-06-1928,152.4
942,31-07-1928,163.3870968
943,31-08-1928,139.5806452
944,30-09-1928,149.5666667
945,31-10-1928,102.2580645
946,30-11-1928,83.93333333
947,31-12-1928,98.32258065
948,31-01-1929,114.7741935
949,28-02-1929,104.6785714
950,31-03-1929,83.77419355
951,30-04-1929,87.93333333
952,31-05-1929,97
953,30-06-1929,119.8666667
954,31-07-1929,117.1290323
955,31-08-1929,109.6129032
956,30-09-1929,57.26666667
957,31-10-1929,90.09677419
958,30-11-1929,135.1333333
959,31-12-1929,179.9354839
960,31-01-1930,108.8387097
961,28-02-1930,83.14285714
962,31-03-1930,58.38709677
963,30-04-1930,63.7
964,31-05-1930,61.38709677
965,30-06-1930,48
966,31-07-1930,36.5483871
967,31-08-1930,41.51612903
968,30-09-1930,53.53333333
969,31-10-1930,57.22580645
970,30-11-1930,59.36666667
971,31-12-1930,43
972,31-01-1931,24.41935484
973,28-02-1931,71.82142857
974,31-03-1931,50.06451613
975,30-04-1931,51.96666667
976,31-05-1931,40.80645161
977,30-06-1931,25.5
978,31-07-1931,29
979,31-08-1931,21.61290323
980,30-09-1931,31.7
981,31-10-1931,16.58064516
982,30-11-1931,31.2
983,31-12-1931,29.67741935
984,31-01-1932,20.06451613
985,29-02-1932,17.62068966
986,31-03-1932,18.80645161
987,30-04-1932,18.66666667
988,31-05-1932,29.74193548
989,30-06-1932,36.93333333
990,31-07-1932,16.03225806
991,31-08-1932,11.32258065
992,30-09-1932,6.6
993,31-10-1932,14.77419355
994,30-11-1932,13.7
995,31-12-1932,18.4516129
996,31-01-1933,20.38709677
997,28-02-1933,36.89285714
998,31-03-1933,16.83870968
999,30-04-1933,4.9
1000,31-05-1933,5.258064516
1001,30-06-1933,8.666666667
1002,31-07-1933,4.709677419
1003,31-08-1933,0.387096774
1004,30-09-1933,8.5
1005,31-10-1933,5
1006,30-11-1933,1
1007,31-12-1933,0.419354839
1008,31-01-1934,5.677419355
1009,28-02-1934,12.92857143
1010,31-03-1934,7.193548387
1011,30-04-1934,18.8
1012,31-05-1934,32.90322581
1013,30-06-1934,11.16666667
1014,31-07-1934,15.32258065
1015,31-08-1934,13.90322581
1016,30-09-1934,6.7
1017,31-10-1934,9.548387097
1018,30-11-1934,14.46666667
1019,31-12-1934,25.67741935
1020,31-01-1935,31.09677419
1021,28-02-1935,34.14285714
1022,31-03-1935,38.48387097
1023,30-04-1935,20.36666667
1024,31-05-1935,45.38709677
1025,30-06-1935,76.16666667
1026,31-07-1935,56.48387097
1027,31-08-1935,50.22580645
1028,30-09-1935,70.1
1029,31-10-1935,88.74193548
1030,30-11-1935,107
1031,31-12-1935,102.4516129
1032,31-01-1936,104.6774194
1033,29-02-1936,123.8965517
1034,31-03-1936,128.4193548
1035,30-04-1936,124.8
1036,31-05-1936,90.93548387
1037,30-06-1936,116.7
1038,31-07-1936,87.16129032
1039,31-08-1936,144.9677419
1040,30-09-1936,126.6666667
1041,31-10-1936,148.2258065
1042,30-11-1936,192.3
1043,31-12-1936,205.6129032
1044,31-01-1937,220.8709677
1045,28-02-1937,214.0714286
1046,31-03-1937,139.7419355
1047,30-04-1937,182.1666667
1048,31-05-1937,194.3870968
1049,30-06-1937,217.1333333
1050,31-07-1937,241.8064516
1051,31-08-1937,229.483871
1052,30-09-1937,167.8666667
1053,31-10-1937,208.1612903
1054,30-11-1937,123.9333333
1055,31-12-1937,147.9354839
1056,31-01-1938,163.9677419
1057,28-02-1938,198.6428571
1058,31-03-1938,144.1612903
1059,30-04-1938,168.3666667
1060,31-05-1938,212.2903226
1061,30-06-1938,162.6333333
1062,31-07-1938,275.6129032
1063,31-08-1938,192.8064516
1064,30-09-1938,149.3333333
1065,31-10-1938,165.2580645
1066,30-11-1938,203.6
1067,31-12-1938,154.7419355
1068,31-01-1939,133.8709677
1069,28-02-1939,129
1070,31-03-1939,107.7741935
1071,30-04-1939,181.9
1072,31-05-1939,197.3225806
1073,30-06-1939,168.3
1074,31-07-1939,162.6451613
1075,31-08-1939,176.3225806
1076,30-09-1939,187.7
1077,31-10-1939,146.9032258
1078,30-11-1939,113.6666667
1079,31-12-1939,70.16129032
1080,31-01-1940,84.09677419
1081,29-02-1940,99.06896552
1082,31-03-1940,138.8709677
1083,30-04-1940,101.0666667
1084,31-05-1940,90.61290323
1085,30-06-1940,139.8
1086,31-07-1940,112.483871
1087,31-08-1940,175.8709677
1088,30-09-1940,110.7666667
1089,31-10-1940,91.5483871
1090,30-11-1940,97.4
1091,31-12-1940,113.7741935
1092,31-01-1941,76.12903226
1093,28-02-1941,74.28571429
1094,31-03-1941,77.4516129
1095,30-04-1941,54.56666667
1096,31-05-1941,49.03225806
1097,30-06-1941,99.63333333
1098,31-07-1941,111.4193548
1099,31-08-1941,100.1290323
1100,30-09-1941,109.8
1101,31-10-1941,77.19354839
1102,30-11-1941,64
1103,31-12-1941,56.19354839
1104,31-01-1942,59.48387097
1105,28-02-1942,87.92857143
1106,31-03-1942,90.38709677
1107,30-04-1942,101.2333333
1108,31-05-1942,41.77419355
1109,30-06-1942,18.9
1110,31-07-1942,29.61290323
1111,31-08-1942,33.74193548
1112,30-09-1942,28.66666667
1113,31-10-1942,32
1114,30-11-1942,51.26666667
1115,31-12-1942,37.61290323
1116,31-01-1943,20.74193548
1117,28-02-1943,48.10714286
1118,31-03-1943,45.74193548
1119,30-04-1943,43.53333333
1120,31-05-1943,23.58064516
1121,30-06-1943,12.73333333
1122,31-07-1943,22
1123,31-08-1943,32.32258065
1124,30-09-1943,16.73333333
1125,31-10-1943,12.96774194
1126,30-11-1943,17.03333333
1127,31-12-1943,31.35483871
1128,31-01-1944,6.096774194
1129,29-02-1944,0.827586207
1130,31-03-1944,18.25806452
1131,30-04-1944,0.433333333
1132,31-05-1944,4.096774194
1133,30-06-1944,8.233333333
1134,31-07-1944,8.451612903
1135,31-08-1944,27.90322581
1136,30-09-1944,23.73333333
1137,31-10-1944,28.06451613
1138,30-11-1944,17.93333333
1139,31-12-1944,47.35483871
1140,31-01-1945,30.77419355
1141,28-02-1945,21.21428571
1142,31-03-1945,35.87096774
1143,30-04-1945,53.36666667
1144,31-05-1945,51
1145,30-06-1945,60.23333333
1146,31-07-1945,71
1147,31-08-1945,43.09677419
1148,30-09-1945,58.13333333
1149,31-10-1945,114.5483871
1150,30-11-1945,76.6
1151,31-12-1945,45.70967742
1152,31-01-1946,79.32258065
1153,28-02-1946,143.7857143
1154,31-03-1946,127.7419355
1155,30-04-1946,126.1333333
1156,31-05-1946,141.6129032
1157,30-06-1946,122.5666667
1158,31-07-1946,193.6774194
1159,31-08-1946,178.6774194
1160,30-09-1946,157.4
1161,31-10-1946,170.5483871
1162,30-11-1946,206.2666667
1163,31-12-1946,202.8709677
1164,31-01-1947,163.7096774
1165,28-02-1947,188.8928571
1166,31-03-1947,183.8387097
1167,30-04-1947,212.1333333
1168,31-05-1947,285.0322581
1169,30-06-1947,232.1333333
1170,31-07-1947,223.5483871
1171,31-08-1947,267.3548387
1172,30-09-1947,239.8666667
1173,31-10-1947,231.6774194
1174,30-11-1947,181.3
1175,31-12-1947,164.9032258
1176,31-01-1948,153.6129032
1177,29-02-1948,122
1178,31-03-1948,134.2580645
1179,30-04-1948,268.5333333
1180,31-05-1948,246.3870968
1181,30-06-1948,237.5
1182,31-07-1948,201.3548387
1183,31-08-1948,223.6774194
1184,30-09-1948,202.9333333
1185,31-10-1948,192.9354839
1186,30-11-1948,135.6333333
1187,31-12-1948,195.2903226
1188,31-01-1949,168.6129032
1189,28-02-1949,258.0357143
1190,31-03-1949,223.0322581
1191,30-04-1949,208.1333333
1192,31-05-1949,150.3548387
1193,30-06-1949,172.3666667
1194,31-07-1949,178.2580645
1195,31-08-1949,175.3225806
1196,30-09-1949,205.8333333
1197,31-10-1949,186.2903226
1198,30-11-1949,203.2
1199,31-12-1949,166.5806452
1200,31-01-1950,143.8709677
1201,28-02-1950,134.25
1202,31-03-1950,155.3870968
1203,30-04-1950,160.6333333
1204,31-05-1950,150.4516129
1205,30-06-1950,118.3333333
1206,31-07-1950,128.8709677
1207,31-08-1950,120.6451613
1208,30-09-1950,72.66666667
1209,31-10-1950,86.96774194
1210,30-11-1950,77.7
1211,31-12-1950,76.67741935
1212,31-01-1951,85
1213,28-02-1951,84.82142857
1214,31-03-1951,79.32258065
1215,30-04-1951,131.7
1216,31-05-1951,153.6774194
1217,30-06-1951,142.4
1218,31-07-1951,87.16129032
1219,31-08-1951,86.4516129
1220,30-09-1951,117.6666667
1221,31-10-1951,73.25806452
1222,30-11-1951,74.2
1223,31-12-1951,64.96774194
1224,31-01-1952,57.87096774
1225,29-02-1952,32.44827586
1226,31-03-1952,31.5483871
1227,30-04-1952,41.7
1228,31-05-1952,33.61290323
1229,30-06-1952,52
1230,31-07-1952,56.06451613
1231,31-08-1952,77.77419355
1232,30-09-1952,40.43333333
1233,31-10-1952,34.19354839
1234,30-11-1952,31.83333333
1235,31-12-1952,48.87096774
1236,31-01-1953,37.87096774
1237,28-02-1953,5.892857143
1238,31-03-1953,14.67741935
1239,30-04-1953,39.6
1240,31-05-1953,18.29032258
1241,30-06-1953,31.5
1242,31-07-1953,12.70967742
1243,31-08-1953,33.64516129
1244,30-09-1953,27.96666667
1245,31-10-1953,12.29032258
1246,30-11-1953,2.5
1247,31-12-1953,3.935483871
1248,31-01-1954,0.35483871
1249,28-02-1954,0.785714286
1250,31-03-1954,15.80645161
1251,30-04-1954,2.666666667
1252,31-05-1954,1.193548387
1253,30-06-1954,0.366666667
1254,31-07-1954,7.258064516
1255,31-08-1954,12.61290323
1256,30-09-1954,2.3
1257,31-10-1954,10.4516129
1258,30-11-1954,13.4
1259,31-12-1954,11.25806452
1260,31-01-1955,33.41935484
1261,28-02-1955,29.89285714
1262,31-03-1955,7.290322581
1263,30-04-1955,16.43333333
1264,31-05-1955,41.29032258
1265,30-06-1955,45.16666667
1266,31-07-1955,38.19354839
1267,31-08-1955,58.03225806
1268,30-09-1955,60.8
1269,31-10-1955,83
1270,30-11-1955,126.2666667
1271,31-12-1955,108.8387097
1272,31-01-1956,104.1290323
1273,29-02-1956,175.6206897
1274,31-03-1956,167.6774194
1275,30-04-1956,156.7333333
1276,31-05-1956,193.3870968
1277,30-06-1956,165.0666667
1278,31-07-1956,182.7419355
1279,31-08-1956,240.1935484
1280,30-09-1956,245.4333333
1281,31-10-1956,219.9354839
1282,30-11-1956,285.0333333
1283,31-12-1956,272
1284,31-01-1957,233.6774194
1285,28-02-1957,184.4642857
1286,31-03-1957,222.8064516
1287,30-04-1957,248.0333333
1288,31-05-1957,233
1289,30-06-1957,284.3333333
1290,31-07-1957,265.0967742
1291,31-08-1957,223.7096774
1292,30-09-1957,334
1293,31-10-1957,359.3870968
1294,30-11-1957,298.6333333
1295,31-12-1957,339
1296,31-01-1958,286.6774194
1297,28-02-1958,233.6071429
1298,31-03-1958,270
1299,30-04-1958,277.5666667
1300,31-05-1958,248.2258065
1301,30-06-1958,242.8666667
1302,31-07-1958,270.9677419
1303,31-08-1958,283.516129
1304,30-09-1958,285.0666667
1305,31-10-1958,256.9032258
1306,30-11-1958,215.6
1307,31-12-1958,265.6774194
1308,31-01-1959,307.7096774
1309,28-02-1959,202.6071429
1310,31-03-1959,262.9677419
1311,30-04-1959,231.3
1312,31-05-1959,243.5806452
1313,30-06-1959,238.9
1314,31-07-1959,211.8709677
1315,31-08-1959,282.5806452
1316,30-09-1959,205.5666667
1317,31-10-1959,157.7419355
1318,30-11-1959,175.6333333
1319,31-12-1959,177.0967742
1320,31-01-1960,207.1612903
1321,29-02-1960,149.9310345
1322,31-03-1960,144.6451613
1323,30-04-1960,172.7
1324,31-05-1960,169.3225806
1325,30-06-1960,156
1326,31-07-1960,172.4193548
1327,31-08-1960,189.9677419
1328,30-09-1960,180.1333333
1329,31-10-1960,117.2580645
1330,30-11-1960,126.9333333
1331,31-12-1960,121.1612903
1332,31-01-1961,82.12903226
1333,28-02-1961,65.39285714
1334,31-03-1961,75.16129032
1335,30-04-1961,86.86666667
1336,31-05-1961,72.25806452
1337,30-06-1961,109.5
1338,31-07-1961,99.32258065
1339,31-08-1961,79.22580645
1340,30-09-1961,90.06666667
1341,31-10-1961,53.70967742
1342,30-11-1961,46.46666667
1343,31-12-1961,56.87096774
1344,31-01-1962,55.12903226
1345,28-02-1962,71.67857143
1346,31-03-1962,64.87096774
1347,30-04-1962,65.86666667
1348,31-05-1962,61.93548387
1349,30-06-1962,59.56666667
1350,31-07-1962,31.41935484
1351,31-08-1962,31.4516129
1352,30-09-1962,72.7
1353,31-10-1962,56.09677419
1354,30-11-1962,38.8
1355,31-12-1962,33.22580645
1356,31-01-1963,28.70967742
1357,28-02-1963,35.17857143
1358,31-03-1963,24.83870968
1359,30-04-1963,41.73333333
1360,31-05-1963,61.09677419
1361,30-06-1963,51.23333333
1362,31-07-1963,28.67741935
1363,31-08-1963,47.4516129
1364,30-09-1963,55.23333333
1365,31-10-1963,50.12903226
1366,30-11-1963,33.66666667
1367,31-12-1963,21.64516129
1368,31-01-1964,22.61290323
1369,29-02-1964,25.27586207
1370,31-03-1964,24.06451613
1371,30-04-1964,12.86666667
1372,31-05-1964,14.29032258
1373,30-06-1964,13.53333333
1374,31-07-1964,4.774193548
1375,31-08-1964,13.77419355
1376,30-09-1964,7
1377,31-10-1964,9.161290323
1378,30-11-1964,11.1
1379,31-12-1964,22.06451613
1380,31-01-1965,25.38709677
1381,28-02-1965,20.78571429
1382,31-03-1965,17.4516129
1383,30-04-1965,10.16666667
1384,31-05-1965,34.5483871
1385,30-06-1965,23.26666667
1386,31-07-1965,17.32258065
1387,31-08-1965,13.29032258
1388,30-09-1965,24.46666667
1389,31-10-1965,29.12903226
1390,30-11-1965,22.83333333
1391,31-12-1965,24.67741935
1392,31-01-1966,40.32258065
1393,28-02-1966,35.28571429
1394,31-03-1966,36.35483871
1395,30-04-1966,69
1396,31-05-1966,64.22580645
1397,30-06-1966,67.66666667
1398,31-07-1966,80.22580645
1399,31-08-1966,72.64516129
1400,30-09-1966,71.1
1401,31-10-1966,81.16129032
1402,30-11-1966,80.96666667
1403,31-12-1966,99.77419355
1404,31-01-1967,157.0322581
1405,28-02-1967,132.6071429
1406,31-03-1967,158.3225806
1407,30-04-1967,98.43333333
1408,31-05-1967,122.516129
1409,30-06-1967,95.4
1410,31-07-1967,129.4516129
1411,31-08-1967,151.7741935
1412,30-09-1967,108.7
1413,31-10-1967,124.9677419
1414,30-11-1967,133.6
1415,31-12-1967,178.9677419
1416,31-01-1968,172.4516129
1417,29-02-1968,158.4827586
1418,31-03-1968,130.5483871
1419,30-04-1968,115
1420,31-05-1968,180
1421,30-06-1968,156.1666667
1422,31-07-1968,136.1935484
1423,31-08-1968,154.8387097
1424,30-09-1968,165.9666667
1425,31-10-1968,152.5483871
1426,30-11-1968,121.7
1427,31-12-1968,155.483871
1428,31-01-1969,147.7741935
1429,28-02-1969,170.5357143
1430,31-03-1969,192.2903226
1431,30-04-1969,151.1333333
1432,31-05-1969,169.9032258
1433,30-06-1969,150.0666667
1434,31-07-1969,137.1290323
1435,31-08-1969,138.7741935
1436,30-09-1969,129.3
1437,31-10-1969,135.3870968
1438,30-11-1969,132.4
1439,31-12-1969,138.6451613
1440,31-01-1970,157.8709677
1441,28-02-1970,180.8214286
1442,31-03-1970,145.7419355
1443,30-04-1970,155.0666667
1444,31-05-1970,180.483871
1445,30-06-1970,151.3
1446,31-07-1970,159.2903226
1447,31-08-1970,131.6774194
1448,30-09-1970,140.8333333
1449,31-10-1970,122.6451613
1450,30-11-1970,134.8
1451,31-12-1970,118.1935484
1452,31-01-1971,129.2258065
1453,28-02-1971,111.8214286
1454,31-03-1971,85.93548387
1455,30-04-1971,101.6333333
1456,31-05-1971,81.51612903
1457,30-06-1971,70.66666667
1458,31-07-1971,114.7096774
1459,31-08-1971,87
1460,30-09-1971,71.26666667
1461,31-10-1971,73.35483871
1462,30-11-1971,89.46666667
1463,31-12-1971,116.4516129
1464,31-01-1972,87
1465,29-02-1972,125.2758621
1466,31-03-1972,113.516129
1467,30-04-1972,89.63333333
1468,31-05-1972,113.9032258
1469,30-06-1972,124.7
1470,31-07-1972,108.2580645
1471,31-08-1972,108.8709677
1472,30-09-1972,90.66666667
1473,31-10-1972,86.93548387
1474,30-11-1972,59.23333333
1475,31-12-1972,64.29032258
1476,31-01-1973,61.77419355
1477,28-02-1973,60.85714286
1478,31-03-1973,65.35483871
1479,30-04-1973,81.8
1480,31-05-1973,60.25806452
1481,30-06-1973,56.13333333
1482,31-07-1973,33.22580645
1483,31-08-1973,36.61290323
1484,30-09-1973,84.06666667
1485,31-10-1973,43.74193548
1486,30-11-1973,34.3
1487,31-12-1973,33.32258065
1488,31-01-1974,39.35483871
1489,28-02-1974,37.25
1490,31-03-1974,30.90322581
1491,30-04-1974,57.46666667
1492,31-05-1974,56.29032258
1493,30-06-1974,51.46666667
1494,31-07-1974,79.12903226
1495,31-08-1974,47.90322581
1496,30-09-1974,57.16666667
1497,31-10-1974,67.16129032
1498,30-11-1974,35.9
1499,31-12-1974,29.61290323
1500,31-01-1975,27.32258065
1501,28-02-1975,16.67857143
1502,31-03-1975,16.87096774
1503,30-04-1975,7.666666667
1504,31-05-1975,13.06451613
1505,30-06-1975,16.73333333
1506,31-07-1975,40.38709677
1507,31-08-1975,56.74193548
1508,30-09-1975,20.33333333
1509,31-10-1975,13.58064516
1510,30-11-1975,27.9
1511,31-12-1975,11.58064516
1512,31-01-1976,11.87096774
1513,29-02-1976,6.448275862
1514,31-03-1976,31.4516129
1515,30-04-1976,27.33333333
1516,31-05-1976,18.22580645
1517,30-06-1976,17.93333333
1518,31-07-1976,2.935483871
1519,31-08-1976,24.09677419
1520,30-09-1976,19.96666667
1521,31-10-1976,29.74193548
1522,30-11-1976,7.866666667
1523,31-12-1976,22.32258065
1524,31-01-1977,23.80645161
1525,28-02-1977,33.25
1526,31-03-1977,13
1527,30-04-1977,18.96666667
1528,31-05-1977,27
1529,30-06-1977,54.9
1530,31-07-1977,30.61290323
1531,31-08-1977,43
1532,30-09-1977,62.36666667
1533,31-10-1977,62.06451613
1534,30-11-1977,41.56666667
1535,31-12-1977,61.38709677
1536,31-01-1978,73.67741935
1537,28-02-1978,132.5714286
1538,31-03-1978,108.3548387
1539,30-04-1978,141.2333333
1540,31-05-1978,117.0645161
1541,30-06-1978,134.6333333
1542,31-07-1978,99.67741935
1543,31-08-1978,82.41935484
1544,30-09-1978,195.6666667
1545,31-10-1978,177.1290323
1546,30-11-1978,138.5333333
1547,31-12-1978,173.8709677
1548,31-01-1979,235.8709677
1549,28-02-1979,194.7142857
1550,31-03-1979,195.2903226
1551,30-04-1979,143.7333333
1552,31-05-1979,190.3225806
1553,30-06-1979,211.7
1554,31-07-1979,225.6774194
1555,31-08-1979,201.3548387
1556,30-09-1979,266.9
1557,31-10-1979,263.6129032
1558,30-11-1979,259.5333333
1559,31-12-1979,249.6129032
1560,31-01-1980,226.0645161
1561,29-02-1980,219.4137931
1562,31-03-1980,178.6774194
1563,30-04-1980,232.2333333
1564,31-05-1980,254.6774194
1565,30-06-1980,222.6666667
1566,31-07-1980,192.9354839
1567,31-08-1980,191.7096774
1568,30-09-1980,219.5666667
1569,31-10-1980,233.2580645
1570,30-11-1980,209.5333333
1571,31-12-1980,246.9354839
1572,31-01-1981,156.6451613
1573,28-02-1981,189.8928571
1574,31-03-1981,196.6451613
1575,30-04-1981,225.3333333
1576,31-05-1981,194.6774194
1577,30-06-1981,131.6
1578,31-07-1981,205.3225806
1579,31-08-1981,242.4516129
1580,30-09-1981,245.2666667
1581,31-10-1981,216.1612903
1582,30-11-1981,186.0333333
1583,31-12-1981,195.3870968
1584,31-01-1982,149.7741935
1585,28-02-1982,230.9285714
1586,31-03-1982,221.0645161
1587,30-04-1982,170.2666667
1588,31-05-1982,119.2903226
1589,30-06-1982,163.7333333
1590,31-07-1982,139.3870968
1591,31-08-1982,161.9354839
1592,30-09-1982,167.3666667
1593,31-10-1982,134.3225806
1594,30-11-1982,127.4666667
1595,31-12-1982,168.9677419
1596,31-01-1983,115.483871
1597,28-02-1983,73.07142857
1598,31-03-1983,88.67741935
1599,30-04-1983,109.5666667
1600,31-05-1983,132.516129
1601,30-06-1983,131.4666667
1602,31-07-1983,108.9032258
1603,31-08-1983,96
1604,30-09-1983,69.93333333
1605,31-10-1983,72.51612903
1606,30-11-1983,45.66666667
1607,31-12-1983,45.64516129
1608,31-01-1984,74.83870968
1609,29-02-1984,110.1724138
1610,31-03-1984,116.7419355
1611,30-04-1984,90.4
1612,31-05-1984,96.87096774
1613,30-06-1984,65.1
1614,31-07-1984,55.67741935
1615,31-08-1984,34.96774194
1616,30-09-1984,22.6
1617,31-10-1984,12.61290323
1618,30-11-1984,26.46666667
1619,31-12-1984,21.38709677
1620,31-01-1985,17.83870968
1621,28-02-1985,20.71428571
1622,31-03-1985,16.87096774
1623,30-04-1985,20.36666667
1624,31-05-1985,32.41935484
1625,30-06-1985,28.3
1626,31-07-1985,39.93548387
1627,31-08-1985,10.12903226
1628,30-09-1985,4.333333333
1629,31-10-1985,21.96774194
1630,30-11-1985,17.86666667
1631,31-12-1985,15.83870968
1632,31-01-1986,2.774193548
1633,28-02-1986,27.89285714
1634,31-03-1986,13.83870968
1635,30-04-1986,22.4
1636,31-05-1986,16.12903226
1637,30-06-1986,0.566666667
1638,31-07-1986,18.09677419
1639,31-08-1986,9.903225806
1640,30-09-1986,5.066666667
1641,31-10-1986,40.12903226
1642,30-11-1986,15.36666667
1643,31-12-1986,5.774193548
1644,31-01-1987,9.806451613
1645,28-02-1987,3.392857143
1646,31-03-1987,17.38709677
1647,30-04-1987,46
1648,31-05-1987,39.12903226
1649,30-06-1987,18.76666667
1650,31-07-1987,38.16129032
1651,31-08-1987,47.93548387
1652,30-09-1987,42.2
1653,31-10-1987,63.38709677
1654,30-11-1987,48.83333333
1655,31-12-1987,29.09677419
1656,31-01-1988,70.48387097
1657,29-02-1988,45.44827586
1658,31-03-1988,91.19354839
1659,30-04-1988,108.7666667
1660,31-05-1988,74.16129032
1661,30-06-1988,124.2666667
1662,31-07-1988,131.3870968
1663,31-08-1988,139.4193548
1664,30-09-1988,142.7333333
1665,31-10-1988,156.4516129
1666,30-11-1988,156.7666667
1667,31-12-1988,231.1935484
1668,31-01-1989,210.0967742
1669,28-02-1989,208.6785714
1670,31-03-1989,170.3548387
1671,30-04-1989,166.2666667
1672,31-05-1989,195.4193548
1673,30-06-1989,284.5333333
1674,31-07-1989,180.516129
1675,31-08-1989,231.9677419
1676,30-09-1989,225.0666667
1677,31-10-1989,212.1612903
1678,30-11-1989,238.1666667
1679,31-12-1989,211.4193548
1680,31-01-1990,227.4193548
1681,28-02-1990,171.8214286
1682,31-03-1990,191.6774194
1683,30-04-1990,189.7
1684,31-05-1990,175.1935484
1685,30-06-1990,153.3333333
1686,31-07-1990,191.1290323
1687,31-08-1990,252.0967742
1688,30-09-1990,169.1
1689,31-10-1990,199.3548387
1690,30-11-1990,178.8333333
1691,31-12-1990,197.0967742
1692,31-01-1991,195.3225806
1693,28-02-1991,240.25
1694,31-03-1991,196.9677419
1695,30-04-1991,197.5666667
1696,31-05-1991,166.9032258
1697,30-06-1991,224.7333333
1698,31-07-1991,240.1612903
1699,31-08-1991,240.7741935
1700,30-09-1991,168.9
1701,31-10-1991,197.1290323
1702,30-11-1991,159.5333333
1703,31-12-1991,212.6129032
1704,31-01-1992,198.2580645
1705,29-02-1992,230.6896552
1706,31-03-1992,150.9677419
1707,30-04-1992,142.2333333
1708,31-05-1992,94.29032258
1709,30-06-1992,98.53333333
1710,31-07-1992,114.2258065
1711,31-08-1992,91.90322581
1712,30-09-1992,93.96666667
1713,31-10-1992,133.3548387
1714,30-11-1992,129.5666667
1715,31-12-1992,121.9677419
1716,31-01-1993,81.38709677
1717,28-02-1993,127.7857143
1718,31-03-1993,102.4193548
1719,30-04-1993,94.43333333
1720,31-05-1993,78.77419355
1721,30-06-1993,69.63333333
1722,31-07-1993,80.41935484
1723,31-08-1993,62.5483871
1724,30-09-1993,31.16666667
1725,31-10-1993,71.06451613
1726,30-11-1993,48.16666667
1727,31-12-1993,68.38709677
1728,31-01-1994,84.87096774
1729,28-02-1994,54.85714286
1730,31-03-1994,47.4516129
1731,30-04-1994,27.36666667
1732,31-05-1994,29.80645161
1733,30-06-1994,39.7
1734,31-07-1994,50.58064516
1735,31-08-1994,34.32258065
1736,30-09-1994,40.46666667
1737,31-10-1994,67.12903226
1738,30-11-1994,29.46666667
1739,31-12-1994,32.19354839
1740,31-01-1995,32.61290323
1741,28-02-1995,45.82142857
1742,31-03-1995,46.32258065
1743,30-04-1995,21.6
1744,31-05-1995,19.38709677
1745,30-06-1995,22.5
1746,31-07-1995,20.38709677
1747,31-08-1995,18.22580645
1748,30-09-1995,15.7
1749,31-10-1995,30.61290323
1750,30-11-1995,13.96666667
1751,31-12-1995,14.90322581
1752,31-01-1996,13.32258065
1753,29-02-1996,7.689655172
1754,31-03-1996,12.61290323
1755,30-04-1996,6.766666667
1756,31-05-1996,7.612903226
1757,30-06-1996,16.5
1758,31-07-1996,11.80645161
1759,31-08-1996,19.67741935
1760,30-09-1996,3.033333333
1761,31-10-1996,0.677419355
1762,30-11-1996,24.93333333
1763,31-12-1996,14
1764,31-01-1997,7.419354839
1765,28-02-1997,11
1766,31-03-1997,12.09677419
1767,30-04-1997,23
1768,31-05-1997,25.38709677
1769,30-06-1997,20.76666667
1770,31-07-1997,12.87096774
1771,31-08-1997,35.70967742
1772,30-09-1997,59.73333333
1773,31-10-1997,32.80645161
1774,30-11-1997,50.43333333
1775,31-12-1997,55.51612903
1776,31-01-1998,44.51612903
1777,28-02-1998,50.21428571
1778,31-03-1998,82
1779,30-04-1998,70.56666667
1780,31-05-1998,74
1781,30-06-1998,90.53333333
1782,31-07-1998,96.67741935
1783,31-08-1998,121.0645161
1784,30-09-1998,132.0333333
1785,31-10-1998,78.48387097
1786,30-11-1998,97.33333333
1787,31-12-1998,119.1935484
1788,31-01-1999,86
1789,28-02-1999,98
1790,31-03-1999,103.5483871
1791,30-04-1999,93.56666667
1792,31-05-1999,149.6129032
1793,30-06-1999,207.2
1794,31-07-1999,173.516129
1795,31-08-1999,142.3225806
1796,30-09-1999,106.3
1797,31-10-1999,168.7419355
1798,30-11-1999,188.2666667
1799,31-12-1999,116.7741935
1800,31-01-2000,133.0967742
1801,29-02-2000,165.6551724
1802,31-03-2000,217.7419355
1803,30-04-2000,191.5
1804,31-05-2000,165.9032258
1805,30-06-2000,188.0333333
1806,31-07-2000,244.3225806
1807,31-08-2000,180.4516129
1808,30-09-2000,156.0333333
1809,31-10-2000,141.5806452
1810,30-11-2000,158.1
1811,31-12-2000,143.2903226
1812,31-01-2001,142.6129032
1813,28-02-2001,121.4642857
1814,31-03-2001,165.8064516
1815,30-04-2001,161.7
1816,31-05-2001,142.0967742
1817,30-06-2001,202.9333333
1818,31-07-2001,122.9677419
1819,31-08-2001,161.516129
1820,30-09-2001,238.1666667
1821,31-10-2001,194.0645161
1822,30-11-2001,176.5666667
1823,31-12-2001,213.4193548
1824,31-01-2002,184.6451613
1825,28-02-2002,170.1785714
1826,31-03-2002,147.0967742
1827,30-04-2002,186.9333333
1828,31-05-2002,187.483871
1829,30-06-2002,128.7666667
1830,31-07-2002,161
1831,31-08-2002,175.6129032
1832,30-09-2002,187.8666667
1833,31-10-2002,151.1935484
1834,30-11-2002,147.1666667
1835,31-12-2002,135.3225806
1836,31-01-2003,133.4516129
1837,28-02-2003,75.67857143
1838,31-03-2003,100.7096774
1839,30-04-2003,97.86666667
1840,31-05-2003,86.83870968
1841,30-06-2003,118.7
1842,31-07-2003,128.3225806
1843,31-08-2003,115.3870968
1844,30-09-2003,78.46666667
1845,31-10-2003,97.83870968
1846,30-11-2003,82.9
1847,31-12-2003,72.22580645
1848,31-01-2004,60.61290323
1849,29-02-2004,74.62068966
1850,31-03-2004,74.77419355
1851,30-04-2004,59.23333333
1852,31-05-2004,72.80645161
1853,30-06-2004,66.5
1854,31-07-2004,83.83870968
1855,31-08-2004,69.74193548
1856,30-09-2004,48.76666667
1857,31-10-2004,74.16129032
1858,30-11-2004,70.1
1859,31-12-2004,28.93548387
1860,31-01-2005,48.06451613
1861,28-02-2005,43.53571429
1862,31-03-2005,39.64516129
1863,30-04-2005,38.73333333
1864,31-05-2005,61.93548387
1865,30-06-2005,56.76666667
1866,31-07-2005,62.38709677
1867,31-08-2005,60.48387097
1868,30-09-2005,37.2
1869,31-10-2005,13.16129032
1870,30-11-2005,27.5
1871,31-12-2005,59.25806452
1872,31-01-2006,20.90322581
1873,28-02-2006,5.714285714
1874,31-03-2006,17.29032258
1875,30-04-2006,50.26666667
1876,31-05-2006,37.22580645
1877,30-06-2006,24.5
1878,31-07-2006,22.16129032
1879,31-08-2006,20.77419355
1880,30-09-2006,23.7
1881,31-10-2006,14.87096774
1882,30-11-2006,35.7
1883,31-12-2006,22.32258065
1884,31-01-2007,29.25806452
1885,28-02-2007,18.42857143
1886,31-03-2007,7.193548387
1887,30-04-2007,5.433333333
1888,31-05-2007,19.5483871
1889,30-06-2007,21.33333333
1890,31-07-2007,15.09677419
1891,31-08-2007,9.774193548
1892,30-09-2007,4.033333333
1893,31-10-2007,1.516129032
1894,30-11-2007,2.833333333
1895,31-12-2007,17.29032258
1896,31-01-2008,4.129032258
1897,29-02-2008,2.862068966
1898,31-03-2008,15.5483871
1899,30-04-2008,3.6
1900,31-05-2008,4.580645161
1901,30-06-2008,5.166666667
1902,31-07-2008,0.612903226
1903,31-08-2008,0.322580645
1904,30-09-2008,1.166666667
1905,31-10-2008,4.161290323
1906,30-11-2008,6.633333333
1907,31-12-2008,1.032258065
1908,31-01-2009,1.322580645
1909,28-02-2009,1.178571429
1910,31-03-2009,0.64516129
1911,30-04-2009,1.233333333
1912,31-05-2009,2.935483871
1913,30-06-2009,6.3
1914,31-07-2009,5.516129032
1915,31-08-2009,0
1916,30-09-2009,7.1
1917,31-10-2009,7.677419355
1918,30-11-2009,6.866666667
1919,31-12-2009,16.32258065
1920,31-01-2010,19.4516129
1921,28-02-2010,28.5
1922,31-03-2010,23.96774194
1923,30-04-2010,10.36666667
1924,31-05-2010,13.90322581
1925,30-06-2010,18.8
1926,31-07-2010,25.22580645
1927,31-08-2010,29.64516129
1928,30-09-2010,36.36666667
1929,31-10-2010,33.64516129
1930,30-11-2010,34.36666667
1931,31-12-2010,24.5483871
1932,31-01-2011,27.32258065
1933,28-02-2011,48.28571429
1934,31-03-2011,78.64516129
1935,30-04-2011,76.1
1936,31-05-2011,58.19354839
1937,30-06-2011,56.06666667
1938,31-07-2011,64.51612903
1939,31-08-2011,65.83870968
1940,30-09-2011,120.1333333
1941,31-10-2011,125.6774194
1942,30-11-2011,139.0666667
1943,31-12-2011,109.2903226
1944,31-01-2012,94.41935484
1945,29-02-2012,47.75862069
1946,31-03-2012,86.64516129
1947,30-04-2012,85.9
1948,31-05-2012,96.48387097
1949,30-06-2012,91.96666667
1950,31-07-2012,100.1290323
1951,31-08-2012,94.77419355
1952,30-09-2012,93.7
1953,31-10-2012,76.5483871
1954,30-11-2012,87.63333333
1955,31-12-2012,56.80645161
1956,31-01-2013,96.06451613
1957,28-02-2013,60.92857143
1958,31-03-2013,78.32258065
1959,30-04-2013,107.3333333
1960,31-05-2013,120.1612903
1961,30-06-2013,76.7
1962,31-07-2013,86.16129032
1963,31-08-2013,91.77419355
1964,30-09-2013,54.46666667
1965,31-10-2013,114.3548387
1966,30-11-2013,113.8666667
1967,31-12-2013,124.1612903
1968,31-01-2014,116.9677419
1969,28-02-2014,146.0714286
1970,31-03-2014,128.7419355
1971,30-04-2014,112.4666667
1972,31-05-2014,112.4516129
1973,30-06-2014,102.8666667
1974,31-07-2014,100.1935484
1975,31-08-2014,106.9354839
1976,30-09-2014,130
1977,31-10-2014,89.96774194
1978,30-11-2014,103.6333333
1979,31-12-2014,112.8709677
1980,31-01-2015,93.03225806
1981,28-02-2015,66.71428571
1982,31-03-2015,54.5483871
1983,30-04-2015,75.33333333
1984,31-05-2015,88.83870968
1985,30-06-2015,66.46666667
1986,31-07-2015,65.83870968
1987,31-08-2015,64.41935484
1988,30-09-2015,78.56666667
1989,31-10-2015,63.64516129
1990,30-11-2015,62.16666667
1991,31-12-2015,58.03225806
1992,31-01-2016,56.96774194
1993,29-02-2016,56.37931034
1994,31-03-2016,54.06451613
1995,30-04-2016,37.9
1996,31-05-2016,51.51612903
1997,30-06-2016,20.53333333
1998,31-07-2016,32.35483871
1999,31-08-2016,50.16129032
2000,30-09-2016,44.63333333
2001,31-10-2016,33.41935484
2002,30-11-2016,21.4
2003,31-12-2016,18.48387097
2004,31-01-2017,26.06451613
2005,28-02-2017,26.42857143
2006,31-03-2017,17.67741935
2007,30-04-2017,32.3
2008,31-05-2017,18.93548387
2009,30-06-2017,19.23333333
2010,31-07-2017,17.80645161
2011,31-08-2017,32.58064516
2012,30-09-2017,43.7
2013,31-10-2017,13.19354839
2014,30-11-2017,5.7
2015,31-12-2017,8.161290323
2016,31-01-2018,6.806451613
2017,28-02-2018,10.67857143
2018,31-03-2018,2.451612903
2019,30-04-2018,8.933333333
2020,31-05-2018,13.12903226
2021,30-06-2018,15.56666667
2022,31-07-2018,1.580645161
2023,31-08-2018,8.709677419
2024,30-09-2018,3.333333333
2025,31-10-2018,4.935483871
2026,30-11-2018,4.933333333
2027,31-12-2018,3.129032258
2028,31-01-2019,7.709677419
2029,28-02-2019,0.821428571
2030,31-03-2019,9.419354839
2031,30-04-2019,9.066666667
2032,31-05-2019,9.903225806
2033,30-06-2019,1.166666667
2034,31-07-2019,0.870967742
2035,31-08-2019,0.483870968
2036,30-09-2019,1.1
2037,31-10-2019,0.387096774
2038,30-11-2019,0.466666667
2039,31-12-2019,1.516129032
2040,31-01-2020,6.193548387
2041,29-02-2020,0.206896552
2042,31-03-2020,1.483870968
2043,30-04-2020,5.2
2044,31-05-2020,0.193548387
2045,30-06-2020,5.833333333
2046,31-07-2020,6.064516129
2047,31-08-2020,7.483870968
2048,30-09-2020,0.6
2049,31-10-2020,14.64516129
2050,30-11-2020,34.53333333
2051,31-12-2020,23.12903226
2052,31-01-2021,10.41935484
2053,28-02-2021,8.214285714
2054,31-03-2021,17.16129032
2055,30-04-2021,24.5
2056,31-05-2021,21.22580645
2057,30-06-2021,24.96666667
2058,31-07-2021,34.25806452
2059,31-08-2021,22
2060,30-09-2021,51.3
2061,31-10-2021,37.35483871
2062,30-11-2021,34.76666667
2063,31-12-2021,67.4516129
2064,31-01-2022,55.29032258
2065,28-02-2022,60.85714286
2066,31-03-2022,78.61290323
2067,30-04-2022,84.03333333
2068,31-05-2022,96.51612903
2069,30-06-2022,70.33333333
2070,31-07-2022,91.41935484
2071,31-08-2022,74.64516129
2072,30-09-2022,95.96666667
2073,31-10-2022,95.4516129
2074,30-11-2022,80.5
2075,31-12-2022,112.8064516
2076,31-01-2023,144.3548387
2077,28-02-2023,111.2857143
2078,31-03-2023,123.3225806
2079,30-04-2023,97.56666667
2080,31-05-2023,137.4193548
2081,30-06-2023,160.5
2082,31-07-2023,159.9677419
2083,31-08-2023,114.7741935
2084,30-09-2023,134.2333333
2085,31-10-2023,99.87096774
2086,30-11-2023,107.1333333
2087,31-12-2023,113.5483871
2088,31-01-2024,123.0322581
2089,29-02-2024,124.6896552
2090,31-03-2024,104.9032258
2091,30-04-2024,136.4666667
